label,Gates_deploy_rate,Gates_unsafe_rate,Gates_contam_rate,Gates_unsafe_ci_lo,Gates_unsafe_ci_hi,Composite (moderate)_deploy_rate,Composite (moderate)_unsafe_rate,Composite (moderate)_contam_rate,Composite (moderate)_unsafe_ci_lo,Composite (moderate)_unsafe_ci_hi,Composite (matched)_deploy_rate,Composite (matched)_unsafe_rate,Composite (matched)_contam_rate,Permissive_deploy_rate,Permissive_unsafe_rate,Permissive_contam_rate
P(unsafe)=0.20/0.08 (lower),0.323,0.001,0.0030959752321981426,0.0,0.003,0.71,0.011,0.015492957746478873,0.005,0.018024999999999975,0.323,0.0,0.0,0.845,0.012,0.014201183431952662
P(unsafe)=0.25/0.10 (conservative),0.303,0.0,0.0,0.0,0.0,0.666,0.009,0.013513513513513514,0.004,0.016,0.303,0.002,0.006600660066006601,0.828,0.013,0.01570048309178744
P(unsafe)=0.35/0.15 (reference),0.285,0.0,0.0,0.0,0.0,0.627,0.009,0.014354066985645933,0.004,0.016,0.285,0.0,0.0,0.76,0.022,0.02894736842105263
P(unsafe)=0.45/0.20 (higher),0.262,0.0,0.0,0.0,0.0,0.576,0.011,0.019097222222222224,0.005,0.018,0.262,0.0,0.0,0.724,0.019,0.026243093922651933
P(unsafe)=0.50/0.25 (stress test),0.253,0.0,0.0,0.0,0.0,0.557,0.018,0.03231597845601436,0.01,0.027,0.253,0.001,0.003952569169960474,0.683,0.041,0.060029282576866766
