{
  "uniform": {
    "Gates": {
      "n_tools": 1000,
      "n_deployed": 282,
      "deployment_rate": 0.282,
      "n_unsafe_deployed": 0,
      "unsafe_deployment_rate": 0.0,
      "safe_blocked_rate": 0.6492537313432836,
      "unsafe_among_deployed": 0.0,
      "sensitivity": 0.0,
      "specificity": 0.35074626865671643,
      "unsafe_deployment_rate_ci": [
        0.0,
        0.0
      ],
      "unsafe_among_deployed_ci": [
        0.0,
        0.0
      ]
    },
    "Composite (matched)": {
      "n_tools": 1000,
      "n_deployed": 282,
      "deployment_rate": 0.282,
      "n_unsafe_deployed": 1,
      "unsafe_deployment_rate": 0.001,
      "safe_blocked_rate": 0.650497512437811,
      "unsafe_among_deployed": 0.0035460992907801418,
      "sensitivity": 0.00510204081632653,
      "specificity": 0.34950248756218905
    },
    "Composite (moderate)": {
      "n_tools": 1000,
      "n_deployed": 620,
      "deployment_rate": 0.62,
      "n_unsafe_deployed": 12,
      "unsafe_deployment_rate": 0.012,
      "safe_blocked_rate": 0.24378109452736318,
      "unsafe_among_deployed": 0.01935483870967742,
      "sensitivity": 0.061224489795918366,
      "specificity": 0.7562189054726368,
      "unsafe_deployment_rate_ci": [
        0.006,
        0.02
      ],
      "unsafe_among_deployed_ci": [
        0.009738688730624214,
        0.03150738346205126
      ]
    },
    "Permissive": {
      "n_tools": 1000,
      "n_deployed": 775,
      "deployment_rate": 0.775,
      "n_unsafe_deployed": 40,
      "unsafe_deployment_rate": 0.04,
      "safe_blocked_rate": 0.08582089552238806,
      "unsafe_among_deployed": 0.05161290322580645,
      "sensitivity": 0.20408163265306123,
      "specificity": 0.914179104477612,
      "unsafe_deployment_rate_ci": [
        0.029,
        0.053
      ],
      "unsafe_among_deployed_ci": [
        0.0370843989769821,
        0.06751975480101527
      ]
    },
    "gate_deploy_rate": 0.282
  },
  "random": {
    "Gates": {
      "n_tools": 1000,
      "n_deployed": 307,
      "deployment_rate": 0.307,
      "n_unsafe_deployed": 9,
      "unsafe_deployment_rate": 0.009,
      "safe_blocked_rate": 0.6293532338308457,
      "unsafe_among_deployed": 0.029315960912052116,
      "sensitivity": 0.04591836734693878,
      "specificity": 0.37064676616915426,
      "unsafe_deployment_rate_ci": [
        0.004,
        0.015024999999999976
      ],
      "unsafe_among_deployed_ci": [
        0.012536264335364785,
        0.05063398049948683
      ]
    },
    "Composite (matched)": {
      "n_tools": 1000,
      "n_deployed": 307,
      "deployment_rate": 0.307,
      "n_unsafe_deployed": 9,
      "unsafe_deployment_rate": 0.009,
      "safe_blocked_rate": 0.6293532338308457,
      "unsafe_among_deployed": 0.029315960912052116,
      "sensitivity": 0.04591836734693878,
      "specificity": 0.37064676616915426
    },
    "Composite (moderate)": {
      "n_tools": 1000,
      "n_deployed": 675,
      "deployment_rate": 0.675,
      "n_unsafe_deployed": 61,
      "unsafe_deployment_rate": 0.061,
      "safe_blocked_rate": 0.236318407960199,
      "unsafe_among_deployed": 0.09037037037037036,
      "sensitivity": 0.3112244897959184,
      "specificity": 0.763681592039801,
      "unsafe_deployment_rate_ci": [
        0.047,
        0.077
      ],
      "unsafe_among_deployed_ci": [
        0.06946247050528995,
        0.11360904716703217
      ]
    },
    "Permissive": {
      "n_tools": 1000,
      "n_deployed": 833,
      "deployment_rate": 0.833,
      "n_unsafe_deployed": 86,
      "unsafe_deployment_rate": 0.086,
      "safe_blocked_rate": 0.0708955223880597,
      "unsafe_among_deployed": 0.10324129651860744,
      "sensitivity": 0.4387755102040816,
      "specificity": 0.9291044776119403,
      "unsafe_deployment_rate_ci": [
        0.071,
        0.104
      ],
      "unsafe_among_deployed_ci": [
        0.08499472619626364,
        0.12455463174370683
      ]
    },
    "gate_deploy_rate": 0.307
  },
  "partial": {
    "Gates": {
      "n_tools": 1000,
      "n_deployed": 312,
      "deployment_rate": 0.312,
      "n_unsafe_deployed": 8,
      "unsafe_deployment_rate": 0.008,
      "safe_blocked_rate": 0.6218905472636815,
      "unsafe_among_deployed": 0.02564102564102564,
      "sensitivity": 0.04081632653061224,
      "specificity": 0.37810945273631846,
      "unsafe_deployment_rate_ci": [
        0.003,
        0.014
      ],
      "unsafe_among_deployed_ci": [
        0.009802330022918259,
        0.04389541082890836
      ]
    },
    "Composite (matched)": {
      "n_tools": 1000,
      "n_deployed": 312,
      "deployment_rate": 0.312,
      "n_unsafe_deployed": 15,
      "unsafe_deployment_rate": 0.015,
      "safe_blocked_rate": 0.6305970149253731,
      "unsafe_among_deployed": 0.04807692307692308,
      "sensitivity": 0.07653061224489796,
      "specificity": 0.3694029850746269
    },
    "Composite (moderate)": {
      "n_tools": 1000,
      "n_deployed": 686,
      "deployment_rate": 0.686,
      "n_unsafe_deployed": 74,
      "unsafe_deployment_rate": 0.074,
      "safe_blocked_rate": 0.23880597014925373,
      "unsafe_among_deployed": 0.10787172011661808,
      "sensitivity": 0.37755102040816324,
      "specificity": 0.7611940298507462,
      "unsafe_deployment_rate_ci": [
        0.059,
        0.09
      ],
      "unsafe_among_deployed_ci": [
        0.08662836705319367,
        0.13101392917476812
      ]
    },
    "Permissive": {
      "n_tools": 1000,
      "n_deployed": 830,
      "deployment_rate": 0.83,
      "n_unsafe_deployed": 94,
      "unsafe_deployment_rate": 0.094,
      "safe_blocked_rate": 0.0845771144278607,
      "unsafe_among_deployed": 0.11325301204819277,
      "sensitivity": 0.47959183673469385,
      "specificity": 0.9154228855721394,
      "unsafe_deployment_rate_ci": [
        0.075975,
        0.114
      ],
      "unsafe_among_deployed_ci": [
        0.09146062951189804,
        0.13581784631606694
      ]
    },
    "gate_deploy_rate": 0.312
  }
}